<?xml version="1.0" encoding="UTF-8"?>
<project-private xmlns="http://www.netbeans.org/ns/project-private/1">
    <editor-bookmarks xmlns="http://www.netbeans.org/ns/editor-bookmarks/2" lastBookmarkId="0"/>
    <open-files xmlns="http://www.netbeans.org/ns/projectui-open-files/2">
        <group>
            <file>file:/C:/Users/maria/OneDrive/Desktop/CS_IS_2%20__20170279_assignment2/Code/Assignment2/src/java/validate.java</file>
            <file>file:/C:/Users/maria/OneDrive/Desktop/CS_IS_2%20__20170279_assignment2/Code/Assignment2/src/java/databaseConnection/DatabaseConnection.java</file>
            <file>file:/C:/Users/maria/OneDrive/Desktop/CS_IS_2%20__20170279_assignment2/Code/Assignment2/web/Login.html</file>
            <file>file:/C:/Users/maria/OneDrive/Desktop/CS_IS_2%20__20170279_assignment2/Code/Assignment2/web/customerhome.jsp</file>
            <file>file:/C:/Users/maria/OneDrive/Desktop/CS_IS_2%20__20170279_assignment2/Code/Assignment2/src/java/addTransaction.java</file>
            <file>file:/C:/Users/maria/OneDrive/Desktop/CS_IS_2%20__20170279_assignment2/Code/Assignment2/web/transactions.jsp</file>
            <file>file:/C:/Users/maria/OneDrive/Desktop/CS_IS_2%20__20170279_assignment2/Code/Assignment2/src/java/deleteTransaction.java</file>
        </group>
    </open-files>
</project-private>
