<?xml version="1.0" encoding="UTF-8"?>
<project-private xmlns="http://www.netbeans.org/ns/project-private/1">
    <editor-bookmarks xmlns="http://www.netbeans.org/ns/editor-bookmarks/2" lastBookmarkId="0"/>
    <open-files xmlns="http://www.netbeans.org/ns/projectui-open-files/2">
        <group>
            <file>file:/C:/Users/maria/OneDrive/Desktop/SMOHManagement/src/java/ProfileStaffControl.java</file>
            <file>file:/C:/Users/maria/OneDrive/Desktop/SMOHManagement/src/java/DatabaseControl/User_DataAccess.java</file>
            <file>file:/C:/Users/maria/OneDrive/Desktop/SMOHManagement/web/StaffOfficeHoursMe.jsp</file>
            <file>file:/C:/Users/maria/OneDrive/Desktop/SMOHManagement/src/java/Domain/Slot.java</file>
            <file>file:/C:/Users/maria/OneDrive/Desktop/SMOHManagement/src/java/updateSlotServlet.java</file>
            <file>file:/C:/Users/maria/OneDrive/Desktop/SMOHManagement/src/java/addSlots.java</file>
            <file>file:/C:/Users/maria/OneDrive/Desktop/SMOHManagement/src/java/DeleteSlot.java</file>
            <file>file:/C:/Users/maria/OneDrive/Desktop/SMOHManagement/src/java/DatabaseControl/Slot_DataAccess.java</file>
        </group>
    </open-files>
</project-private>
